track	N_top5_mAP	Nv_top5_mAP	N_delta_top5_mAP	All_top5_mAP	accuracy	mAP	ttc_mae_seconds	N_mAP	Nv_mAP	N_delta_mAP	All_mAP	N_top5_acc	Nv_top5_acc	N_delta_top5_acc	All_top5_acc	file	checkpoint	timestamp
B	0.109401	0.028349	0.092016	0.024449	0.687459	0.356470	0.189110	0.196226	0.033962	0.166038	0.026415	0.195279	0.045064	0.163090	0.038627	metrics_val_20251122_200902.json	trackB_best_1122_0428.pt	2025-11-22T20:09:02
B	0.136853	0.034567	0.118131	0.030500	0.670869	0.361428	0.190094	0.260870	0.057971	0.224638	0.047101	0.216738	0.057940	0.182403	0.047210	metrics_val_20251122_202113.json	trackB_best_1122_1131.pt	2025-11-22T20:21:13
B	0.174272	0.084780	0.149240	0.086635	0.685468	0.374239	0.412597	0.276753	0.077491	0.243542	0.073801	0.236052	0.072961	0.197425	0.064378	metrics_val_20251122_203018.json	trackB_best_1122_1735.pt	2025-11-22T20:30:18
B	0.140521	0.035416	0.121154	0.031566	0.670869	0.361428	0.190094	0.266904	0.064057	0.227758	0.053381	0.216738	0.057940	0.182403	0.047210	metrics_val_20251125_213610.json	trackB_best_1122_1131.pt	2025-11-25T21:36:10
B	0.151077	0.041502	0.128862	0.038288	0.670869	0.361428	0.190094	0.254417	0.063604	0.215548	0.053004	0.216738	0.057940	0.182403	0.047210	metrics_val_20251125_222719.json	trackB_best_1122_1131.pt	2025-11-25T22:27:19
B	0.150576	0.038951	0.128030	0.035297	0.670869	0.361428	0.190094	0.257042	0.059859	0.218310	0.049296	0.216738	0.057940	0.182403	0.047210	metrics_val_20251126_042549.json	trackB_best_1122_1131.pt	2025-11-26T04:25:49
B	0.128647	0.032639	0.110347	0.029928	0.670869	0.361428	0.190094	0.246429	0.050000	0.207143	0.042857	0.216738	0.057940	0.182403	0.047210	metrics_val_20251126_043819.json	trackB_best_1122_1131.pt	2025-11-26T04:38:19
B	0.136853	0.034567	0.118131	0.030500	0.670869	0.361428	0.190094	0.260870	0.057971	0.224638	0.047101	0.216738	0.057940	0.182403	0.047210	metrics_val_20251128_043112.json	trackB_best_1122_1131.pt	2025-11-28T04:31:12
B	-	-	-	-	-	-	-	-	-	-	-	-	-	-	-	metrics_val_20251128_043112_summary.json	-	-
B	0.120457	0.031972	0.101849	0.029157	0.670869	0.361428	0.190094	0.243636	0.047273	0.207273	0.040000	0.216738	0.057940	0.182403	0.047210	metrics_val_20251128_044003.json	trackB_best_1122_1131.pt	2025-11-28T04:40:03
B	-	-	-	-	-	-	-	-	-	-	-	-	-	-	-	metrics_val_20251128_044003_summary.json	-	-
B	0.128647	0.032639	0.110347	0.029928	0.670869	0.361428	0.190094	0.246429	0.050000	0.207143	0.042857	0.216738	0.057940	0.182403	0.047210	metrics_val_20251128_045435.json	trackB_best_1122_1131.pt	2025-11-28T04:54:35
B	-	-	-	-	-	-	-	-	-	-	-	-	-	-	-	metrics_val_20251128_045435_summary.json	-	-
B	0.021120	0.004891	0.018606	0.003950	0.688122	0.307286	0.208410	0.048387	0.008065	0.040323	0.004032	0.045064	0.010730	0.038627	0.008584	metrics_val_20251207_012214.json	trackB_best_mAP_0.3335_20251207_000826.pt	2025-12-07T01:22:14
B	-	-	-	-	-	-	-	-	-	-	-	-	-	-	-	metrics_val_20251207_012214_summary.json	-	-
B	0.021120	0.004891	0.018606	0.003950	0.688122	0.307286	0.208410	0.048387	0.008065	0.040323	0.004032	0.045064	0.010730	0.038627	0.008584	metrics_val_20251207_012802.json	trackB_best_mAP_0.3335_20251207_000826.pt	2025-12-07T01:28:02
B	-	-	-	-	-	-	-	-	-	-	-	-	-	-	-	metrics_val_20251207_012802_summary.json	-	-
B	0.088668	0.023387	0.098206	0.026956	0.688122	0.307286	0.208410	0.049242	0.007576	0.041667	0.003788	0.045064	0.010730	0.038627	0.008584	metrics_val_20251207_014151.json	trackB_best_mAP_0.3335_20251207_000826.pt	2025-12-07T01:41:51
B	-	-	-	-	-	-	-	-	-	-	-	-	-	-	-	metrics_val_20251207_014151_summary.json	-	-
B	0.123626	0.009471	0.100011	0.008932	0.686795	0.338237	0.190545	0.111511	0.021583	0.093525	0.021583	0.105150	0.027897	0.090129	0.025751	metrics_val_20251207_020213.json	trackB_best_mAP_0.3367_20251206_064147.pt	2025-12-07T02:02:13
B	-	-	-	-	-	-	-	-	-	-	-	-	-	-	-	metrics_val_20251207_020213_summary.json	-	-
B	0.112237	0.022307	0.094717	0.020913	0.687459	0.356470	0.189110	0.196911	0.030888	0.166023	0.023166	0.195279	0.045064	0.163090	0.038627	metrics_val_20251207_021747.json	trackB_best.pt	2025-12-07T02:17:47
B	-	-	-	-	-	-	-	-	-	-	-	-	-	-	-	metrics_val_20251207_021747_summary.json	-	-
B	0.109401	0.028349	0.092016	0.024449	0.687459	0.356470	0.189110	0.196226	0.033962	0.166038	0.026415	0.195279	0.045064	0.163090	0.038627	metrics_val_20251207_230536.json	trackB_best_mAP_0.3580_20251206_083053.pt	2025-12-07T23:05:36
B	-	-	-	-	-	-	-	-	-	-	-	-	-	-	-	metrics_val_20251207_230536_summary.json	-	-
B	0.109503	0.022029	0.092130	0.020588	0.687459	0.356470	0.189110	0.195489	0.030075	0.165414	0.022556	0.195279	0.045064	0.163090	0.038627	metrics_val_20251207_232032.json	trackB_best_mAP_0.3580_20251206_083053.pt	2025-12-07T23:20:32
B	-	-	-	-	-	-	-	-	-	-	-	-	-	-	-	metrics_val_20251207_232032_summary.json	-	-
B	0.112777	0.029019	0.094893	0.025105	0.687459	0.356470	0.189110	0.198473	0.034351	0.167939	0.026718	0.195279	0.045064	0.163090	0.038627	metrics_val_20251207_233612.json	trackB_best_mAP_0.3580_20251206_083053.pt	2025-12-07T23:36:12
B	-	-	-	-	-	-	-	-	-	-	-	-	-	-	-	metrics_val_20251207_233612_summary.json	-	-
B	0.112237	0.022307	0.094717	0.020913	0.687459	0.356470	0.189110	0.196911	0.030888	0.166023	0.023166	0.195279	0.045064	0.163090	0.038627	metrics_val_20251207_235544.json	trackB_best_mAP_0.3580_20251206_083053.pt	2025-12-07T23:55:44
B	-	-	-	-	-	-	-	-	-	-	-	-	-	-	-	metrics_val_20251207_235544_summary.json	-	-
B	0.035053	0.035170	0.032731	0.037892	0.688122	0.311896	0.199705	0.062992	0.023622	0.055118	0.019685	0.055794	0.023605	0.049356	0.019313	metrics_val_20251207_235859.json	trackB_best_mAP_0.3359_20251207_202742.pt	2025-12-07T23:58:59
B	-	-	-	-	-	-	-	-	-	-	-	-	-	-	-	metrics_val_20251207_235859_summary.json	-	-
B	0.030630	0.025784	0.028020	0.026734	0.688122	0.311896	0.199705	0.063241	0.023715	0.055336	0.019763	0.055794	0.023605	0.049356	0.019313	metrics_val_20251208_000702.json	trackB_best_mAP_0.3359_20251207_202742.pt	2025-12-08T00:07:02
B	-	-	-	-	-	-	-	-	-	-	-	-	-	-	-	metrics_val_20251208_000702_summary.json	-	-
B	0.074453	0.087405	0.071366	0.098205	0.688122	0.311896	0.199705	0.084337	0.032129	0.072289	0.024096	0.055794	0.023605	0.049356	0.019313	metrics_val_20251208_002206.json	trackB_best_mAP_0.3359_20251207_202742.pt	2025-12-08T00:22:06
B	-	-	-	-	-	-	-	-	-	-	-	-	-	-	-	metrics_val_20251208_002206_summary.json	-	-
B	0.058870	0.037836	0.051264	0.036700	0.688122	0.311896	0.199705	0.079365	0.027778	0.071429	0.023810	0.055794	0.023605	0.049356	0.019313	metrics_val_20251208_003100.json	trackB_best_mAP_0.3359_20251207_202742.pt	2025-12-08T00:31:00
B	-	-	-	-	-	-	-	-	-	-	-	-	-	-	-	metrics_val_20251208_003100_summary.json	-	-
C	0.109401	0.028349	0.092016	0.024449	0.687459	0.356470	0.189110	0.196226	0.033962	0.166038	0.026415	0.195279	0.045064	0.163090	0.038627	trackC_val_rate00_20251207_023258.json	trackB_best.pt	-
C	-	-	-	-	-	-	-	-	-	-	-	-	-	-	-	trackC_val_rate00_20251207_023258_summary.json	-	-
C	0.135364	0.034321	0.116968	0.030421	0.665561	0.357907	0.190495	0.265683	0.059041	0.228782	0.047970	0.216738	0.057940	0.182403	0.047210	trackC_val_rate10_20251128_052724.json	trackB_best_1122_1131.pt	-
C	-	-	-	-	-	-	-	-	-	-	-	-	-	-	-	trackC_val_rate10_20251128_052724_summary.json	-	-
C	0.106350	0.027354	0.089629	0.023512	0.681486	0.348206	0.189676	0.191571	0.034483	0.160920	0.026820	0.195279	0.045064	0.163090	0.038627	trackC_val_rate10_20251208_014624.json	trackB_best_mAP_0.3580_20251206_083053.pt	-
C	-	-	-	-	-	-	-	-	-	-	-	-	-	-	-	trackC_val_rate10_20251208_014624_summary.json	-	-
C	0.105740	0.027354	0.088899	0.023512	0.681486	0.348206	0.189676	0.191571	0.034483	0.160920	0.026820	0.195279	0.045064	0.163090	0.038627	trackC_val_rate10_20251208_020443.json	trackB_best_mAP_0.3580_20251206_083053.pt	-
C	-	-	-	-	-	-	-	-	-	-	-	-	-	-	-	trackC_val_rate10_20251208_020443_summary.json	-	-
C	0.031799	0.028258	0.029198	0.029563	0.682150	0.303635	0.199922	0.063241	0.023715	0.055336	0.019763	0.055794	0.023605	0.049356	0.019313	trackC_val_rate10_20251208_025031.json	trackB_best_mAP_0.3359_20251207_202742.pt	-
C	-	-	-	-	-	-	-	-	-	-	-	-	-	-	-	trackC_val_rate10_20251208_025031_summary.json	-	-
C	0.113627	0.029828	0.101780	0.029542	0.580624	0.328600	0.193230	0.224265	0.047794	0.202206	0.044118	0.206009	0.051502	0.180258	0.047210	trackC_val_rate30_20251128_050713.json	trackB_best_1122_1131.pt	-
C	-	-	-	-	-	-	-	-	-	-	-	-	-	-	-	trackC_val_rate30_20251128_050713_summary.json	-	-
C	0.004728	0.000000	0.003667	0.000000	0.573325	0.281759	0.211706	0.011194	0.000000	0.007463	0.000000	0.006438	0.000000	0.004292	0.000000	trackC_val_rate30_20251203_031642.json	trackB_final_20251203_030831.pt	-
C	-	-	-	-	-	-	-	-	-	-	-	-	-	-	-	trackC_val_rate30_20251203_031642_summary.json	-	-
C	0.068520	0.016188	0.056517	0.013316	0.573988	0.295684	0.192519	0.166667	0.019380	0.147287	0.019380	0.178112	0.038627	0.145923	0.032189	trackC_val_rate30_20251207_024216.json	trackB_best.pt	-
C	-	-	-	-	-	-	-	-	-	-	-	-	-	-	-	trackC_val_rate30_20251207_024216_summary.json	-	-
C	0.068352	0.016188	0.056313	0.013316	0.573988	0.295684	0.192519	0.166667	0.019380	0.147287	0.019380	0.178112	0.038627	0.145923	0.032189	trackC_val_rate30_20251208_021409.json	trackB_best_mAP_0.3580_20251206_083053.pt	-
C	-	-	-	-	-	-	-	-	-	-	-	-	-	-	-	trackC_val_rate30_20251208_021409_summary.json	-	-
C	0.021267	0.012353	0.019130	0.011314	0.601194	0.289832	0.201104	0.058394	0.021898	0.051095	0.018248	0.053648	0.021459	0.049356	0.019313	trackC_val_rate30_20251208_025605.json	trackB_best_mAP_0.3359_20251207_202742.pt	-
C	-	-	-	-	-	-	-	-	-	-	-	-	-	-	-	trackC_val_rate30_20251208_025605_summary.json	-	-
C	0.058466	0.034966	0.051875	0.034966	0.452555	0.310243	0.198672	0.251852	0.051852	0.229630	0.051852	0.072961	0.015021	0.066524	0.015021	trackC_val_rate50_20251123_020030.json	trackB_best_1122_1131.pt	-
C	0.080995	0.021579	0.070339	0.021635	0.562707	0.328633	0.193909	0.255605	0.053812	0.228700	0.049327	0.148069	0.032189	0.128755	0.030043	trackC_val_rate50_20251123_024455.json	trackB_best_1122_1131.pt	-
C	0.110625	0.029882	0.099453	0.029786	0.562707	0.328633	0.193909	0.217857	0.046429	0.196429	0.042857	0.199571	0.049356	0.173820	0.045064	trackC_val_rate50_20251126_151858.json	trackB_best_1122_1131.pt	-
C	0.110625	0.029882	0.099453	0.029786	0.562707	0.328633	0.193909	0.217857	0.046429	0.196429	0.042857	0.199571	0.049356	0.173820	0.045064	trackC_val_rate50_20251126_192806.json	trackB_best_1122_1131.pt	-
C	0.064956	0.015262	0.053705	0.012569	0.553417	0.292771	0.193333	0.161049	0.018727	0.142322	0.018727	0.173820	0.038627	0.141631	0.032189	trackC_val_rate50_20251207_024850.json	trackB_best.pt	-
C	-	-	-	-	-	-	-	-	-	-	-	-	-	-	-	trackC_val_rate50_20251207_024850_summary.json	-	-
C	0.064785	0.015262	0.053495	0.012569	0.553417	0.292771	0.193333	0.161049	0.018727	0.142322	0.018727	0.173820	0.038627	0.141631	0.032189	trackC_val_rate50_20251208_022259.json	trackB_best_mAP_0.3580_20251206_083053.pt	-
C	-	-	-	-	-	-	-	-	-	-	-	-	-	-	-	trackC_val_rate50_20251208_022259_summary.json	-	-
C	0.020148	0.011255	0.018163	0.010276	0.580624	0.281805	0.201483	0.057143	0.021429	0.050000	0.017857	0.053648	0.021459	0.049356	0.019313	trackC_val_rate50_20251208_025844.json	trackB_best_mAP_0.3359_20251207_202742.pt	-
C	-	-	-	-	-	-	-	-	-	-	-	-	-	-	-	trackC_val_rate50_20251208_025844_summary.json	-	-
