split,type,id,base_name,height540_name,status
val,noun,0,"artwork_(art,_draw,_drawing,_painting,_sketch)","artwork_(art,_draw,_drawing,_painting,_sketch)",match
val,noun,1,"bag_(bag,_grocery,_nylon,_polythene,_pouch,_sachet,_sack,_suitcase)","bag_(bag,_grocery,_nylon,_polythene,_pouch,_sachet,_sack,_suitcase)",match
val,noun,2,"ball_(ball,_baseball,_basketball)","ball_(ball,_baseball,_basketball)",match
val,noun,3,"bicycle_(bicycle,_bike)","bicycle_(bicycle,_bike)",match
val,noun,4,"book_(book,_booklet,_magazine,_manual,_notebook,_novel,_page,_textbook)","book_(book,_booklet,_magazine,_manual,_notebook,_novel,_page,_textbook)",match
val,noun,5,"bottle_(bottle,_flask)","bottle_(bottle,_flask)",match
val,noun,6,bowl,bowl,match
val,noun,7,brick,brick,match
val,noun,8,"broom_(broom,_broomstick)","broom_(broom,_broomstick)",match
val,noun,9,brush,brush,match
val,noun,10,bucket,bucket,match
val,noun,11,"cabinet_(cabinet,_compartment,_cupboard)","cabinet_(cabinet,_compartment,_cupboard)",match
val,noun,12,caliper,caliper,match
val,noun,13,"car_(car,_vehicle)","car_(car,_vehicle)",match
val,noun,14,"cement_(cement,_concrete,_mortar)","cement_(cement,_concrete,_mortar)",match
val,noun,15,"computer_(computer,_ipad,_laptop,_motherboard,_screen)","computer_(computer,_ipad,_laptop,_motherboard,_screen)",match
val,noun,16,"container_(box,_can,_carton,_case,_casing,_container,_crate,_holder,_jar,_jerrycan,_keg,_pack,_package,_packaging,_packet,_storage,_tank,_tin)","container_(box,_can,_carton,_case,_casing,_container,_crate,_holder,_jar,_jerrycan,_keg,_pack,_package,_packaging,_packet,_storage,_tank,_tin)",match
val,noun,17,cooker,cooker,match
val,noun,18,"cup_(cup,_mug,_tumbler)","cup_(cup,_mug,_tumbler)",match
val,noun,19,cutter_(tool),cutter_(tool),match
val,noun,20,door,door,match
val,noun,21,dough,dough,match
val,noun,22,drawer,drawer,match
val,noun,23,"drill_(drill,_driller)","drill_(drill,_driller)",match
val,noun,24,dumbbell,dumbbell,match
val,noun,25,"engine_(assembly,_carburetor,_engine,_motor)","engine_(assembly,_carburetor,_engine,_motor)",match
val,noun,26,"faucet_(faucet,_tap)","faucet_(faucet,_tap)",match
val,noun,27,"floor_(floor,_ground)","floor_(floor,_ground)",match
val,noun,28,flower,flower,match
val,noun,29,food,food,match
val,noun,30,"fridge_(fridge,_refrigerator)","fridge_(fridge,_refrigerator)",match
val,noun,31,glass,glass,match
val,noun,32,"glue_(adhesive,_glue,_gum,_sealant)","glue_(adhesive,_glue,_gum,_sealant)",match
val,noun,33,"hammer_(hammer,_mallet)","hammer_(hammer,_mallet)",match
val,noun,34,garment,garment,match
val,noun,35,jug,jug,match
val,noun,36,"knife_(knife,_machete)","knife_(knife,_machete)",match
val,noun,37,"lid_(cap,_cover,_lid)","lid_(cap,_cover,_lid)",match
val,noun,38,mask,mask,match
val,noun,39,"mat_(mat,_rug)","mat_(mat,_rug)",match
val,noun,40,"metal_(lead,_metal,_steel)","metal_(lead,_metal,_steel)",match
val,noun,41,"mold_(mold,_molder,_mould)","mold_(mold,_molder,_mould)",match
val,noun,42,mop,mop,match
val,noun,43,"mower_(lawnmower,_mower)","mower_(lawnmower,_mower)",match
val,noun,44,"napkin_(handkerchief,_napkin,_serviette,_tissue,_wipe)","napkin_(handkerchief,_napkin,_serviette,_tissue,_wipe)",match
val,noun,45,"needle_(hook,_needle)","needle_(hook,_needle)",match
val,noun,46,nut_(tool),nut_(tool),match
val,noun,47,paint,paint,match
val,noun,48,"pan_(frypan,_pan,_saucepan)","pan_(frypan,_pan,_saucepan)",match
val,noun,49,"paper_(chart,_craft,_newspaper,_note,_paper,_papercraft,_poster,_receipt)","paper_(chart,_craft,_newspaper,_note,_paper,_papercraft,_poster,_receipt)",match
val,noun,50,pedal,pedal,match
val,noun,51,"pen_(marker,_pen)","pen_(marker,_pen)",match
val,noun,52,"phone_(cellphone,_phone,_smartphone)","phone_(cellphone,_phone,_smartphone)",match
val,noun,53,plant,plant,match
val,noun,54,"plate_(dish,_plate,_platter,_saucer)","plate_(dish,_plate,_platter,_saucer)",match
val,noun,55,playing_cards,playing_cards,match
val,noun,56,pot,pot,match
val,noun,57,pump,pump,match
val,noun,58,"rod_(dipstick,_rod,_rod_metal,_shaft)","rod_(dipstick,_rod,_rod_metal,_shaft)",match
val,noun,59,rope,rope,match
val,noun,60,rubber_band,rubber_band,match
val,noun,61,"saw_(chainsaw,_saw,_hacksaw)","saw_(chainsaw,_saw,_hacksaw)",match
val,noun,62,scissors,scissors,match
val,noun,63,"screw_(bolt,_nail,_screw)","screw_(bolt,_nail,_screw)",match
val,noun,64,screwdriver,screwdriver,match
val,noun,65,shelf,shelf,match
val,noun,66,"shoe_(boot,_sandal,_shoe,_slipper)","shoe_(boot,_sandal,_shoe,_slipper)",match
val,noun,67,sickle,sickle,match
val,noun,68,"sieve_(sieve,_strainer)","sieve_(sieve,_strainer)",match
val,noun,69,spatula,spatula,match
val,noun,70,"sponge_(scrubber,_sponge)","sponge_(scrubber,_sponge)",match
val,noun,71,spoon,spoon,match
val,noun,72,"stone_(rock,_stone)","stone_(rock,_stone)",match
val,noun,73,"string_(bobbin,_knot,_lace,_ribbon,_spool,_strand,_string,_thread,_twine,_wool,_yarn)","string_(bobbin,_knot,_lace,_ribbon,_spool,_strand,_string,_thread,_twine,_wool,_yarn)",match
val,noun,74,"table_(stand,_table)","table_(stand,_table)",match
val,noun,75,tablet,tablet,match
val,noun,76,"tape_measure_(measure,_measurement)","tape_measure_(measure,_measurement)",match
val,noun,77,tile,tile,match
val,noun,78,towel,towel,match
val,noun,79,trash,trash,match
val,noun,80,tray,tray,match
val,noun,81,vegetable_fruit,vegetable_fruit,match
val,noun,82,wall,wall,match
val,noun,83,wheel,wheel,match
val,noun,84,"wire_(adapter,_cable,_charger,_connector,_cord,_wire)","wire_(adapter,_cable,_charger,_connector,_cord,_wire)",match
val,noun,85,"wood_(fiber,_firewood,_floorboard,_log,_lumber,_plank,_plywood,_timber,_wood,_woodcraft,_woodwork)","wood_(fiber,_firewood,_floorboard,_log,_lumber,_plank,_plywood,_timber,_wood,_woodcraft,_woodwork)",match
val,noun,86,wrench,wrench,match
val,noun,87,axe,axe,match
val,noun,88,chair,chair,match
val,noun,89,"chip_(wood'_metal),","chip_(wood'_metal),",match
val,noun,90,chopping_board,chopping_board,match
val,noun,91,chopstick,chopstick,match
val,noun,92,fork,fork,match
val,noun,93,glove,glove,match
val,noun,94,hanger,hanger,match
val,noun,95,hose,hose,match
val,noun,96,ice,ice,match
val,noun,97,ladder,ladder,match
val,noun,98,lever,lever,match
val,noun,99,"lubricant_(grease,_lubricant)","lubricant_(grease,_lubricant)",match
val,noun,100,nail_polish,nail_polish,match
val,noun,101,nut_(food),nut_(food),match
val,noun,102,oven,oven,match
val,noun,103,palette,palette,match
val,noun,104,plier,plier,match
val,noun,105,"puzzle_or_game_piece_(chess,_domino,_jenga,_jigsaw,_pawn,_puzzle)","puzzle_or_game_piece_(chess,_domino,_jenga,_jigsaw,_pawn,_puzzle)",match
val,noun,106,rack,rack,match
val,noun,107,radio,radio,match
val,noun,108,"remote_control_(control,_remote)","remote_control_(control,_remote)",match
val,noun,109,"ruler_(rule,_ruler)","ruler_(rule,_ruler)",match
val,noun,110,sander,sander,match
val,noun,111,sandpaper,sandpaper,match
val,noun,112,"scraper_(scraper,_scrapper)","scraper_(scraper,_scrapper)",match
val,noun,113,"seasoning_(salt,_seasoning,_shaker,_spice,_sugar)","seasoning_(salt,_seasoning,_shaker,_spice,_sugar)",match
val,noun,114,sewing_machine,sewing_machine,match
val,noun,115,shears,shears,match
val,noun,116,"shovel_(hoe,_shovel,_spade)","shovel_(hoe,_shovel,_spade)",match
val,noun,117,"sink_(basin,_sink)","sink_(basin,_sink)",match
val,noun,118,solder_iron,solder_iron,match
val,noun,119,spacer,spacer,match
val,noun,120,"spray_(spray,_sprayer)","spray_(spray,_sprayer)",match
val,noun,121,"tape_(cellotape,_sellotape,_tape)","tape_(cellotape,_sellotape,_tape)",match
val,noun,122,"toy_(doll,_toy)","toy_(doll,_toy)",match
val,noun,123,trowel,trowel,match
val,noun,124,vacuum_cleaner,vacuum_cleaner,match
val,noun,125,water,water,match
val,noun,126,weighing_scale,weighing_scale,match
val,noun,127,"wrapper_(covering,_film,_seal,_wrap,_wrapper,_wrapping)","wrapper_(covering,_film,_seal,_wrap,_wrapper,_wrapping)",match
val,verb,0,"adjust_(regulate,_increase/reduce,_change)","adjust_(regulate,_increase/reduce,_change)",match
val,verb,1,"apply_(spread,_smear)","apply_(spread,_smear)",match
val,verb,2,"arrange_(straighten,_sort,_distribute,_align)","arrange_(straighten,_sort,_distribute,_align)",match
val,verb,3,"attach_(plug-in,_join,_fasten,_connect,_attach)","attach_(plug-in,_join,_fasten,_connect,_attach)",match
val,verb,4,"clean_(sweep,_scrub,_mop,_dust)","clean_(sweep,_scrub,_mop,_dust)",match
val,verb,5,climb,climb,match
val,verb,6,close,close,match
val,verb,7,"consume_(taste,_sip,_eat,_drink)","consume_(taste,_sip,_eat,_drink)",match
val,verb,8,"cut_(trim,_slice,_chop)","cut_(trim,_slice,_chop)",match
val,verb,9,"detach_(unplug,_unhook,_disconnect)","detach_(unplug,_unhook,_disconnect)",match
val,verb,10,dig,dig,match
val,verb,11,dip,dip,match
val,verb,12,"divide_(split,_separate)","divide_(split,_separate)",match
val,verb,13,drill,drill,match
val,verb,14,"drive_(ride,_drive)","drive_(ride,_drive)",match
val,verb,15,file_(with_tool),file_(with_tool),match
val,verb,16,fill,fill,match
val,verb,17,fold,fold,match
val,verb,18,give,give,match
val,verb,19,grate,grate,match
val,verb,20,hang,hang,match
val,verb,21,"hit_(knock,_hit,_hammer)","hit_(knock,_hit,_hammer)",match
val,verb,22,"hold_(support,_grip,_grasp)","hold_(support,_grip,_grasp)",match
val,verb,23,insert,insert,match
val,verb,24,"inspect_(check,_look,_examine,_view)","inspect_(check,_look,_examine,_view)",match
val,verb,25,iron,iron,match
val,verb,26,kick,kick,match
val,verb,27,knead,knead,match
val,verb,28,lock,lock,match
val,verb,29,loosen,loosen,match
val,verb,30,mark,mark,match
val,verb,31,"measure_(weigh,_measure)","measure_(weigh,_measure)",match
val,verb,32,mold,mold,match
val,verb,33,"move_(transfer,_pass,_exchange)","move_(transfer,_pass,_exchange)",match
val,verb,34,open,open,match
val,verb,35,"operate_(use,_dial,_click-button)","operate_(use,_dial,_click-button)",match
val,verb,36,pack,pack,match
val,verb,37,paint_draw,paint_draw,match
val,verb,38,peel,peel,match
val,verb,39,plant,plant,match
val,verb,40,play,play,match
val,verb,41,pour,pour,match
val,verb,42,press_push,press_push,match
val,verb,43,pump,pump,match
val,verb,44,"put_(place,_leave,_drop)","put_(place,_leave,_drop)",match
val,verb,45,repair,repair,match
val,verb,46,roll,roll,match
val,verb,47,sand,sand,match
val,verb,48,scoop,scoop,match
val,verb,49,scrape,scrape,match
val,verb,50,screw,screw,match
val,verb,51,scroll,scroll,match
val,verb,52,search_inspect,search_inspect,match
val,verb,53,serve,serve,match
val,verb,54,"sew_(weave,_stitch,_sew)","sew_(weave,_stitch,_sew)",match
val,verb,55,shake,shake,match
val,verb,56,shuffle,shuffle,match
val,verb,57,smooth,smooth,match
val,verb,58,spray,spray,match
val,verb,59,squeeze,squeeze,match
val,verb,60,"stick_(tape,_stick,_glue)","stick_(tape,_stick,_glue)",match
val,verb,61,swing,swing,match
val,verb,62,"take_(pick,_grab,_get)","take_(pick,_grab,_get)",match
val,verb,63,"throw_(toss,_dump,_dispose)","throw_(toss,_dump,_dispose)",match
val,verb,64,tie,tie,match
val,verb,65,tighten,tighten,match
val,verb,66,touch,touch,match
val,verb,67,"turn_(spin,_rotate,_flip,_turn_over)","turn_(spin,_rotate,_flip,_turn_over)",match
val,verb,68,"turn_off_(turn_off,_switch_off)","turn_off_(turn_off,_switch_off)",match
val,verb,69,"turn_on_(switch_on,_start,_light)","turn_on_(switch_on,_start,_light)",match
val,verb,70,unscrew,unscrew,match
val,verb,71,water,water,match
val,verb,72,weld,weld,match
val,verb,73,write,write,match
val,verb,74,catch,catch,match
val,verb,75,grind,grind,match
val,verb,76,knit,knit,match
val,verb,77,sharpen,sharpen,match
val,verb,78,stretch,stretch,match
val,verb,79,wear,wear,match
val,verb,80,zip,zip,match
train,noun,0,"artwork_(art,_draw,_drawing,_painting,_sketch)","artwork_(art,_draw,_drawing,_painting,_sketch)",match
train,noun,1,"bag_(bag,_grocery,_nylon,_polythene,_pouch,_sachet,_sack,_suitcase)","bag_(bag,_grocery,_nylon,_polythene,_pouch,_sachet,_sack,_suitcase)",match
train,noun,2,"ball_(ball,_baseball,_basketball)","ball_(ball,_baseball,_basketball)",match
train,noun,3,"bicycle_(bicycle,_bike)","bicycle_(bicycle,_bike)",match
train,noun,4,"book_(book,_booklet,_magazine,_manual,_notebook,_novel,_page,_textbook)","book_(book,_booklet,_magazine,_manual,_notebook,_novel,_page,_textbook)",match
train,noun,5,"bottle_(bottle,_flask)","bottle_(bottle,_flask)",match
train,noun,6,bowl,bowl,match
train,noun,7,brick,brick,match
train,noun,8,"broom_(broom,_broomstick)","broom_(broom,_broomstick)",match
train,noun,9,brush,brush,match
train,noun,10,bucket,bucket,match
train,noun,11,"cabinet_(cabinet,_compartment,_cupboard)","cabinet_(cabinet,_compartment,_cupboard)",match
train,noun,12,caliper,caliper,match
train,noun,13,"car_(car,_vehicle)","car_(car,_vehicle)",match
train,noun,14,"cement_(cement,_concrete,_mortar)","cement_(cement,_concrete,_mortar)",match
train,noun,15,"computer_(computer,_ipad,_laptop,_motherboard,_screen)","computer_(computer,_ipad,_laptop,_motherboard,_screen)",match
train,noun,16,"container_(box,_can,_carton,_case,_casing,_container,_crate,_holder,_jar,_jerrycan,_keg,_pack,_package,_packaging,_packet,_storage,_tank,_tin)","container_(box,_can,_carton,_case,_casing,_container,_crate,_holder,_jar,_jerrycan,_keg,_pack,_package,_packaging,_packet,_storage,_tank,_tin)",match
train,noun,17,cooker,cooker,match
train,noun,18,"cup_(cup,_mug,_tumbler)","cup_(cup,_mug,_tumbler)",match
train,noun,19,cutter_(tool),cutter_(tool),match
train,noun,20,door,door,match
train,noun,21,dough,dough,match
train,noun,22,drawer,drawer,match
train,noun,23,"drill_(drill,_driller)","drill_(drill,_driller)",match
train,noun,24,dumbbell,dumbbell,match
train,noun,25,"engine_(assembly,_carburetor,_engine,_motor)","engine_(assembly,_carburetor,_engine,_motor)",match
train,noun,26,"faucet_(faucet,_tap)","faucet_(faucet,_tap)",match
train,noun,27,"floor_(floor,_ground)","floor_(floor,_ground)",match
train,noun,28,flower,flower,match
train,noun,29,food,food,match
train,noun,30,"fridge_(fridge,_refrigerator)","fridge_(fridge,_refrigerator)",match
train,noun,31,glass,glass,match
train,noun,32,"glue_(adhesive,_glue,_gum,_sealant)","glue_(adhesive,_glue,_gum,_sealant)",match
train,noun,33,"hammer_(hammer,_mallet)","hammer_(hammer,_mallet)",match
train,noun,34,garment,garment,match
train,noun,35,jug,jug,match
train,noun,36,"knife_(knife,_machete)","knife_(knife,_machete)",match
train,noun,37,"lid_(cap,_cover,_lid)","lid_(cap,_cover,_lid)",match
train,noun,38,mask,mask,match
train,noun,39,"mat_(mat,_rug)","mat_(mat,_rug)",match
train,noun,40,"metal_(lead,_metal,_steel)","metal_(lead,_metal,_steel)",match
train,noun,41,"mold_(mold,_molder,_mould)","mold_(mold,_molder,_mould)",match
train,noun,42,mop,mop,match
train,noun,43,"mower_(lawnmower,_mower)","mower_(lawnmower,_mower)",match
train,noun,44,"napkin_(handkerchief,_napkin,_serviette,_tissue,_wipe)","napkin_(handkerchief,_napkin,_serviette,_tissue,_wipe)",match
train,noun,45,"needle_(hook,_needle)","needle_(hook,_needle)",match
train,noun,46,nut_(tool),nut_(tool),match
train,noun,47,paint,paint,match
train,noun,48,"pan_(frypan,_pan,_saucepan)","pan_(frypan,_pan,_saucepan)",match
train,noun,49,"paper_(chart,_craft,_newspaper,_note,_paper,_papercraft,_poster,_receipt)","paper_(chart,_craft,_newspaper,_note,_paper,_papercraft,_poster,_receipt)",match
train,noun,50,pedal,pedal,match
train,noun,51,"pen_(marker,_pen)","pen_(marker,_pen)",match
train,noun,52,"phone_(cellphone,_phone,_smartphone)","phone_(cellphone,_phone,_smartphone)",match
train,noun,53,plant,plant,match
train,noun,54,"plate_(dish,_plate,_platter,_saucer)","plate_(dish,_plate,_platter,_saucer)",match
train,noun,55,playing_cards,playing_cards,match
train,noun,56,pot,pot,match
train,noun,57,pump,pump,match
train,noun,58,"rod_(dipstick,_rod,_rod_metal,_shaft)","rod_(dipstick,_rod,_rod_metal,_shaft)",match
train,noun,59,rope,rope,match
train,noun,60,rubber_band,rubber_band,match
train,noun,61,"saw_(chainsaw,_saw,_hacksaw)","saw_(chainsaw,_saw,_hacksaw)",match
train,noun,62,scissors,scissors,match
train,noun,63,"screw_(bolt,_nail,_screw)","screw_(bolt,_nail,_screw)",match
train,noun,64,screwdriver,screwdriver,match
train,noun,65,shelf,shelf,match
train,noun,66,"shoe_(boot,_sandal,_shoe,_slipper)","shoe_(boot,_sandal,_shoe,_slipper)",match
train,noun,67,sickle,sickle,match
train,noun,68,"sieve_(sieve,_strainer)","sieve_(sieve,_strainer)",match
train,noun,69,spatula,spatula,match
train,noun,70,"sponge_(scrubber,_sponge)","sponge_(scrubber,_sponge)",match
train,noun,71,spoon,spoon,match
train,noun,72,"stone_(rock,_stone)","stone_(rock,_stone)",match
train,noun,73,"string_(bobbin,_knot,_lace,_ribbon,_spool,_strand,_string,_thread,_twine,_wool,_yarn)","string_(bobbin,_knot,_lace,_ribbon,_spool,_strand,_string,_thread,_twine,_wool,_yarn)",match
train,noun,74,"table_(stand,_table)","table_(stand,_table)",match
train,noun,75,tablet,tablet,match
train,noun,76,"tape_measure_(measure,_measurement)","tape_measure_(measure,_measurement)",match
train,noun,77,tile,tile,match
train,noun,78,towel,towel,match
train,noun,79,trash,trash,match
train,noun,80,tray,tray,match
train,noun,81,vegetable_fruit,vegetable_fruit,match
train,noun,82,wall,wall,match
train,noun,83,wheel,wheel,match
train,noun,84,"wire_(adapter,_cable,_charger,_connector,_cord,_wire)","wire_(adapter,_cable,_charger,_connector,_cord,_wire)",match
train,noun,85,"wood_(fiber,_firewood,_floorboard,_log,_lumber,_plank,_plywood,_timber,_wood,_woodcraft,_woodwork)","wood_(fiber,_firewood,_floorboard,_log,_lumber,_plank,_plywood,_timber,_wood,_woodcraft,_woodwork)",match
train,noun,86,wrench,wrench,match
train,noun,87,axe,axe,match
train,noun,88,chair,chair,match
train,noun,89,"chip_(wood'_metal),","chip_(wood'_metal),",match
train,noun,90,chopping_board,chopping_board,match
train,noun,91,chopstick,chopstick,match
train,noun,92,fork,fork,match
train,noun,93,glove,glove,match
train,noun,94,hanger,hanger,match
train,noun,95,hose,hose,match
train,noun,96,ice,ice,match
train,noun,97,ladder,ladder,match
train,noun,98,lever,lever,match
train,noun,99,"lubricant_(grease,_lubricant)","lubricant_(grease,_lubricant)",match
train,noun,100,nail_polish,nail_polish,match
train,noun,101,nut_(food),nut_(food),match
train,noun,102,oven,oven,match
train,noun,103,palette,palette,match
train,noun,104,plier,plier,match
train,noun,105,"puzzle_or_game_piece_(chess,_domino,_jenga,_jigsaw,_pawn,_puzzle)","puzzle_or_game_piece_(chess,_domino,_jenga,_jigsaw,_pawn,_puzzle)",match
train,noun,106,rack,rack,match
train,noun,107,radio,radio,match
train,noun,108,"remote_control_(control,_remote)","remote_control_(control,_remote)",match
train,noun,109,"ruler_(rule,_ruler)","ruler_(rule,_ruler)",match
train,noun,110,sander,sander,match
train,noun,111,sandpaper,sandpaper,match
train,noun,112,"scraper_(scraper,_scrapper)","scraper_(scraper,_scrapper)",match
train,noun,113,"seasoning_(salt,_seasoning,_shaker,_spice,_sugar)","seasoning_(salt,_seasoning,_shaker,_spice,_sugar)",match
train,noun,114,sewing_machine,sewing_machine,match
train,noun,115,shears,shears,match
train,noun,116,"shovel_(hoe,_shovel,_spade)","shovel_(hoe,_shovel,_spade)",match
train,noun,117,"sink_(basin,_sink)","sink_(basin,_sink)",match
train,noun,118,solder_iron,solder_iron,match
train,noun,119,spacer,spacer,match
train,noun,120,"spray_(spray,_sprayer)","spray_(spray,_sprayer)",match
train,noun,121,"tape_(cellotape,_sellotape,_tape)","tape_(cellotape,_sellotape,_tape)",match
train,noun,122,"toy_(doll,_toy)","toy_(doll,_toy)",match
train,noun,123,trowel,trowel,match
train,noun,124,vacuum_cleaner,vacuum_cleaner,match
train,noun,125,water,water,match
train,noun,126,weighing_scale,weighing_scale,match
train,noun,127,"wrapper_(covering,_film,_seal,_wrap,_wrapper,_wrapping)","wrapper_(covering,_film,_seal,_wrap,_wrapper,_wrapping)",match
train,verb,0,"adjust_(regulate,_increase/reduce,_change)","adjust_(regulate,_increase/reduce,_change)",match
train,verb,1,"apply_(spread,_smear)","apply_(spread,_smear)",match
train,verb,2,"arrange_(straighten,_sort,_distribute,_align)","arrange_(straighten,_sort,_distribute,_align)",match
train,verb,3,"attach_(plug-in,_join,_fasten,_connect,_attach)","attach_(plug-in,_join,_fasten,_connect,_attach)",match
train,verb,4,"clean_(sweep,_scrub,_mop,_dust)","clean_(sweep,_scrub,_mop,_dust)",match
train,verb,5,climb,climb,match
train,verb,6,close,close,match
train,verb,7,"consume_(taste,_sip,_eat,_drink)","consume_(taste,_sip,_eat,_drink)",match
train,verb,8,"cut_(trim,_slice,_chop)","cut_(trim,_slice,_chop)",match
train,verb,9,"detach_(unplug,_unhook,_disconnect)","detach_(unplug,_unhook,_disconnect)",match
train,verb,10,dig,dig,match
train,verb,11,dip,dip,match
train,verb,12,"divide_(split,_separate)","divide_(split,_separate)",match
train,verb,13,drill,drill,match
train,verb,14,"drive_(ride,_drive)","drive_(ride,_drive)",match
train,verb,15,file_(with_tool),file_(with_tool),match
train,verb,16,fill,fill,match
train,verb,17,fold,fold,match
train,verb,18,give,give,match
train,verb,19,grate,grate,match
train,verb,20,hang,hang,match
train,verb,21,"hit_(knock,_hit,_hammer)","hit_(knock,_hit,_hammer)",match
train,verb,22,"hold_(support,_grip,_grasp)","hold_(support,_grip,_grasp)",match
train,verb,23,insert,insert,match
train,verb,24,"inspect_(check,_look,_examine,_view)","inspect_(check,_look,_examine,_view)",match
train,verb,25,iron,iron,match
train,verb,26,kick,kick,match
train,verb,27,knead,knead,match
train,verb,28,lock,lock,match
train,verb,29,loosen,loosen,match
train,verb,30,mark,mark,match
train,verb,31,"measure_(weigh,_measure)","measure_(weigh,_measure)",match
train,verb,32,mold,mold,match
train,verb,33,"move_(transfer,_pass,_exchange)","move_(transfer,_pass,_exchange)",match
train,verb,34,open,open,match
train,verb,35,"operate_(use,_dial,_click-button)","operate_(use,_dial,_click-button)",match
train,verb,36,pack,pack,match
train,verb,37,paint_draw,paint_draw,match
train,verb,38,peel,peel,match
train,verb,39,plant,plant,match
train,verb,40,play,play,match
train,verb,41,pour,pour,match
train,verb,42,press_push,press_push,match
train,verb,43,pump,pump,match
train,verb,44,"put_(place,_leave,_drop)","put_(place,_leave,_drop)",match
train,verb,45,repair,repair,match
train,verb,46,roll,roll,match
train,verb,47,sand,sand,match
train,verb,48,scoop,scoop,match
train,verb,49,scrape,scrape,match
train,verb,50,screw,screw,match
train,verb,51,scroll,scroll,match
train,verb,52,search_inspect,search_inspect,match
train,verb,53,serve,serve,match
train,verb,54,"sew_(weave,_stitch,_sew)","sew_(weave,_stitch,_sew)",match
train,verb,55,shake,shake,match
train,verb,56,shuffle,shuffle,match
train,verb,57,smooth,smooth,match
train,verb,58,spray,spray,match
train,verb,59,squeeze,squeeze,match
train,verb,60,"stick_(tape,_stick,_glue)","stick_(tape,_stick,_glue)",match
train,verb,61,swing,swing,match
train,verb,62,"take_(pick,_grab,_get)","take_(pick,_grab,_get)",match
train,verb,63,"throw_(toss,_dump,_dispose)","throw_(toss,_dump,_dispose)",match
train,verb,64,tie,tie,match
train,verb,65,tighten,tighten,match
train,verb,66,touch,touch,match
train,verb,67,"turn_(spin,_rotate,_flip,_turn_over)","turn_(spin,_rotate,_flip,_turn_over)",match
train,verb,68,"turn_off_(turn_off,_switch_off)","turn_off_(turn_off,_switch_off)",match
train,verb,69,"turn_on_(switch_on,_start,_light)","turn_on_(switch_on,_start,_light)",match
train,verb,70,unscrew,unscrew,match
train,verb,71,water,water,match
train,verb,72,weld,weld,match
train,verb,73,write,write,match
train,verb,74,catch,catch,match
train,verb,75,grind,grind,match
train,verb,76,knit,knit,match
train,verb,77,sharpen,sharpen,match
train,verb,78,stretch,stretch,match
train,verb,79,wear,wear,match
train,verb,80,zip,zip,match
